,fertilizer_cost,fertilizer_amount,pesticide_cost,pesticide_frequency,cocoa_harvest,tree_density,seedling_and_equipment_transport,harvest_material,labor_persons_harvest
fertilizer_cost,1,-0.2,0.05,0,0,0,0,0,0
fertilizer_amount,-0.2,1,0,0,0.3,0,0,0,0
pesticide_cost,0.05,0,1,-0.2,0,0,0,0,0
pesticide_frequency,0,0,-0.2,1,0,0,0,0,0
cocoa_harvest,0,0.3,0,0,1,-0.2,0,0,0
tree_density,0,0,0,0,-0.2,1,-0.5,0.5,0.5
seedling_and_equipment_transport,0,0,0,0,0,-0.5,1,0,0
harvest_material,0,0,0,0,0,0.5,0,1,0
labor_persons_harvest,0,0,0,0,0,0.5,0,0,1
